Daily commit log
Commit on Fri Sep 26 17:05:30 UTC 2025
Commit on Sat Sep 27 12:10:31 UTC 2025
Commit on Sat Sep 27 12:20:00 UTC 2025
Commit on Sun Sep 28 02:19:05 UTC 2025
Commit on Mon Sep 29 02:12:40 UTC 2025
Commit on Tue Sep 30 02:07:40 UTC 2025
Commit on Wed Oct  1 02:20:30 UTC 2025
Commit on Thu Oct  2 02:07:30 UTC 2025
Commit on Fri Oct  3 02:06:57 UTC 2025
Commit on Sat Oct  4 01:57:24 UTC 2025
Commit on Sun Oct  5 02:18:34 UTC 2025
Commit on Mon Oct  6 02:10:43 UTC 2025
Commit on Tue Oct  7 02:08:04 UTC 2025
Commit on Wed Oct  8 02:07:48 UTC 2025
Commit on Thu Oct  9 02:09:41 UTC 2025
Commit on Fri Oct 10 02:09:40 UTC 2025
Commit on Sat Oct 11 02:04:29 UTC 2025
Commit on Sun Oct 12 02:13:21 UTC 2025
Commit on Mon Oct 13 02:17:28 UTC 2025
Commit on Tue Oct 14 02:10:00 UTC 2025
Commit on Wed Oct 15 02:13:35 UTC 2025
Commit on Thu Oct 16 02:11:56 UTC 2025
Commit on Sat Oct 18 02:05:51 UTC 2025
Commit on Sun Oct 19 02:24:18 UTC 2025
Commit on Mon Oct 20 02:21:24 UTC 2025
Commit on Tue Oct 21 02:14:32 UTC 2025
Commit on Wed Oct 22 02:18:00 UTC 2025
Commit on Thu Oct 23 02:12:51 UTC 2025
Commit on Fri Oct 24 02:09:11 UTC 2025
Commit on Sat Oct 25 02:10:42 UTC 2025
Commit on Sun Oct 26 02:19:53 UTC 2025
Commit on Mon Oct 27 02:25:06 UTC 2025
Commit on Tue Oct 28 02:14:00 UTC 2025
Commit on Wed Oct 29 02:21:35 UTC 2025
Commit on Thu Oct 30 02:19:34 UTC 2025
Commit on Fri Oct 31 02:17:02 UTC 2025
Commit on Sat Nov  1 02:20:14 UTC 2025
Commit on Sun Nov  2 02:23:00 UTC 2025
Commit on Mon Nov  3 02:22:27 UTC 2025
Commit on Tue Nov  4 02:17:16 UTC 2025
Commit on Wed Nov  5 02:19:08 UTC 2025
Commit on Thu Nov  6 02:19:34 UTC 2025
Commit on Fri Nov  7 02:17:28 UTC 2025
Commit on Sat Nov  8 02:10:48 UTC 2025
Commit on Sun Nov  9 02:21:34 UTC 2025
Commit on Mon Nov 10 02:23:45 UTC 2025
Commit on Tue Nov 11 02:19:35 UTC 2025
Commit on Wed Nov 12 02:18:33 UTC 2025
Commit on Thu Nov 13 02:21:05 UTC 2025
Commit on Fri Nov 14 02:19:11 UTC 2025
Commit on Sat Nov 15 02:15:07 UTC 2025
Commit on Sun Nov 16 02:25:17 UTC 2025
Commit on Mon Nov 17 02:20:24 UTC 2025
Commit on Tue Nov 18 02:18:27 UTC 2025
Commit on Wed Nov 19 02:18:09 UTC 2025
Commit on Thu Nov 20 02:16:41 UTC 2025
Commit on Fri Nov 21 02:17:12 UTC 2025
Commit on Sat Nov 22 02:12:52 UTC 2025
Commit on Sun Nov 23 02:33:47 UTC 2025
Commit on Mon Nov 24 02:27:36 UTC 2025
